{
    "2016postVFP": {
        "BB": {
            "nominal": [
                5.082161891602208e-07, 
                3.114600127464525e-05, 
                1.0016585921443162
            ]
        }, 
        "BE": {
            "nominal": [
                2.54322358703001e-06, 
                0.00019455867911250115, 
                1.009079599438364
            ]
        }, 
        "EE": {
            "nominal": [
                3.718664790652859e-06, 
                -4.352174097776995e-06, 
                1.004955220909816
            ]
        }
    }, 
    "2016preVFP": {
        "BB": {
            "nominal": [
                1.2779259526988391e-05, 
                -0.0002750867489587267, 
                1.0025478871045772
            ]
        }, 
        "BE": {
            "nominal": [
                1.1720761648886325e-05, 
                0.00015214391892383263, 
                1.0069327320118129
            ]
        }, 
        "EE": {
            "nominal": [
                1.3839004877169714e-05, 
                6.524695203569131e-06, 
                1.002178903697107
            ]
        }
    }, 
    "2017": {
        "BB": {
            "nominal": [
                4.005583509325561e-08, 
                4.640121941901221e-05, 
                1.0029189553021682
            ]
        }, 
        "BE": {
            "nominal": [
                1.0377206574041509e-06, 
                0.0003003634962397417, 
                1.0133037377821614
            ]
        }, 
        "EE": {
            "nominal": [
                2.7794423722708286e-06, 
                0.00013110951622155606, 
                1.0070736211213014
            ]
        }
    }, 
    "2017H": {
        "BB": {
            "nominal": [
                -2.568990353998164e-07,
                1.34496878673102e-05,
                0.9999334898990401
            ]
        },
        "BE": {
            "nominal": [
                -2.7064398833154257e-07,
                0.0002064107195799414,
                0.9995849715573273
            ]
        },
        "EE": {
            "nominal": [
                -1.0560428553851864e-07,
                1.0085490347200299e-05,
                0.9996454782061092
            ]
        }
    },
    "2018": {
        "BB": {
            "nominal": [
                -4.784522141750972e-07, 
                6.173164038418177e-05, 
                1.0023746287399844
            ]
        }, 
        "BE": {
            "nominal": [
                2.1915958581409957e-06, 
                0.0001512345264819247, 
                1.0104818714087829
            ]
        }, 
        "EE": {
            "nominal": [
                1.4723509006257063e-06, 
                0.00010880932133545924, 
                1.0037274336558666
            ]
        }
    }
}
