{
    "2016H": {
        "prefMuon": {
            "BB": {
                "StatDown": 1.021864121024673, 
                "StatUp": 1.0257785497484981, 
                "SystDown": 1.018983808723656, 
                "SystUp": 1.028677146177034, 
                "nominal": 1.023816774020324
            }, 
            "BE": {
                "StatDown": 1.0133916800086562, 
                "StatUp": 1.0162753430572715, 
                "SystDown": 1.0118335598223918, 
                "SystUp": 1.017836155118169, 
                "nominal": 1.0148265780629337
            }, 
            "EE": {
                "StatDown": 1.0055168077752397, 
                "StatUp": 1.0076989434860848, 
                "SystDown": 1.0052740493336239, 
                "SystUp": 1.0079283537091435, 
                "nominal": 1.0065990638088536
            }, 
            "inclusive": {
                "StatDown": 1.0129880744057733, 
                "StatUp": 1.0158991765331578, 
                "SystDown": 1.0115228263107505, 
                "SystUp": 1.0173592084162943, 
                "nominal": 1.0144349014436878
            }
        }
    }, 
    "2016postVFP": {
        "prefECAL": {
            "BB": {
                "Down": [
                    1.000402527939908, 
                    0.15223628820609145, 
                    0.06096978472293705, 
                    -10.751576452935199
                ], 
                "Up": [
                    1.000729767867234, 
                    0.25000023512064967, 
                    0.05977332848548182, 
                    -10.502348112931111
                ], 
                "nominal": [
                    1.000565524873723, 
                    0.4056445739942565, 
                    0.060211750524701825, 
                    -11.606281104371597
                ]
            }, 
            "BE": {
                "Down": [
                    1.0004241137198597, 
                    0.665738879132127, 
                    0.05949436690611387, 
                    -12.839051696105617
                ], 
                "Up": [
                    1.0007847273091965, 
                    0.21705339619962793, 
                    0.05968479981658035, 
                    -10.349063809876274
                ], 
                "nominal": [
                    1.0006037070519496, 
                    0.38017650222333826, 
                    0.05962050115971149, 
                    -11.530048647892155
                ]
            }, 
            "EE": {
                "Down": [
                    1.0007535171378494, 
                    0.03392752848712988, 
                    0.05754987348806067, 
                    -8.559523032940861
                ], 
                "Up": [
                    1.001341437894, 
                    0.14292735184138097, 
                    0.05588208501906413, 
                    -9.61085841471858
                ], 
                "nominal": [
                    1.0010473205699777, 
                    0.1461079422859263, 
                    0.05652324830755742, 
                    -10.072203651821619
                ]
            }, 
            "inclusive": {
                "Down": [
                    1.0005342576069691, 
                    0.18656966421127083, 
                    0.059688202926472506, 
                    -11.055426163865205
                ], 
                "Up": [
                    1.0009661801511487, 
                    1.2133280321860782, 
                    0.05885080529453209, 
                    -12.806872377534345
                ], 
                "nominal": [
                    1.0007495256835715, 
                    0.21584582711836459, 
                    0.05915703801116362, 
                    -10.715661149249273
                ]
            }
        }, 
        "prefMuon": {
            "BB": {
                "StatDown": 1.0223510039819252, 
                "StatUp": 1.0271340060878444, 
                "SystDown": 1.0197083772839726, 
                "SystUp": 1.0297809549280115, 
                "nominal": 1.0247241967433207
            }, 
            "BE": {
                "StatDown": 1.0206467895894438, 
                "StatUp": 1.026114956752674, 
                "SystDown": 1.0186212304476145, 
                "SystUp": 1.028131879664756, 
                "nominal": 1.023360914475209
            }, 
            "EE": {
                "StatDown": 1.0274250861760732, 
                "StatUp": 1.0360137643040837, 
                "SystDown": 1.0252359219499536, 
                "SystUp": 1.0382114052772522, 
                "nominal": 1.031693566489864
            }, 
            "inclusive": {
                "StatDown": 1.0233522041423901, 
                "StatUp": 1.029664746812872, 
                "SystDown": 1.0211093602953731, 
                "SystUp": 1.0319118531974587, 
                "nominal": 1.0264925086820447
            }
        }
    }, 
    "2016preVFP": {
        "prefECAL": {
            "BB": {
                "Down": [
                    1.0002454872749484, 
                    0.14065333006051517, 
                    0.08146022231069681, 
                    -11.000151036594488
                ], 
                "Up": [
                    1.0004491977267582, 
                    0.04801372886452663, 
                    0.08136057933675575, 
                    -8.62252460119421
                ], 
                "nominal": [
                    1.0003462953580404, 
                    0.17478114235448033, 
                    0.08140335592702405, 
                    -10.842745936679385
                ]
            }, 
            "BE": {
                "Down": [
                    1.000265756567712, 
                    0.1126494075322762, 
                    0.08370880007992827, 
                    -10.809157253205868
                ], 
                "Up": [
                    1.0004953442318412, 
                    0.15710224777034965, 
                    0.08366905585547257, 
                    -10.474004519871812
                ], 
                "nominal": [
                    1.0003790352392568, 
                    0.1904140169501828, 
                    0.08366630959502225, 
                    -11.101804256018854
                ]
            }, 
            "EE": {
                "Down": [
                    1.0004509832081798, 
                    0.1534160973735323, 
                    0.08224057151336356, 
                    -11.170896449033597
                ], 
                "Up": [
                    1.0008337261984028, 
                    0.4748751068578678, 
                    0.08226721943008312, 
                    -11.992429775988418
                ], 
                "nominal": [
                    1.000639631897524, 
                    0.6920905492586608, 
                    0.08225438859073185, 
                    -12.884407710231507
                ]
            }, 
            "inclusive": {
                "Down": [
                    1.0003232642755104, 
                    0.024754484459318493, 
                    0.08268919374036587, 
                    -8.564280611487307
                ], 
                "Up": [
                    1.0005978883852567, 
                    2.024665236169794, 
                    0.08261758873083137, 
                    -14.099356519961292
                ], 
                "nominal": [
                    1.0004586346317372, 
                    0.4858352399788729, 
                    0.0826290873450367, 
                    -12.391852473159817
                ]
            }
        }, 
        "prefMuon": {
            "BB": {
                "StatDown": 1.0191373615651518, 
                "StatUp": 1.0245952139029633, 
                "SystDown": 1.0174207381300024, 
                "SystUp": 1.0263025905634906,