{
    "2016H": {
        "prefMuon": {
            "BB": {
                "StatDown": 1.0218763158128068, 
                "StatUp": 1.0257807970046997, 
                "SystDown": 1.0189906149297148, 
                "SystUp": 1.0286795045878436, 
                "nominal": 1.0238086645667617
            }, 
            "BE": {
                "StatDown": 1.0134039295686257, 
                "StatUp": 1.016283868132411, 
                "SystDown": 1.0118367253123104, 
                "SystUp": 1.01785155566963, 
                "nominal": 1.0148329493161794
            }, 
            "EE": {
                "StatDown": 1.005525015495919, 
                "StatUp": 1.0077022136868656, 
                "SystDown": 1.0052796054530788, 
                "SystUp": 1.0079467248272251, 
                "nominal": 1.0066166987290253
            }, 
            "inclusive": {
                "StatDown": 1.0130239918425277, 
                "StatUp": 1.0159072360476933, 
                "SystDown": 1.0115190905493658, 
                "SystUp": 1.0173686211173598, 
                "nominal": 1.014403270708548
            }
        }
    }, 
    "2016postVFP": {
        "prefECAL": {
            "BB": {
                "Down": [
                    1.000365766100258, 
                    0.10100087094090172, 
                    0.06453828315664052, 
                    -10.625188995148244
                ], 
                "Up": [
                    1.000667074561433, 
                    0.3950094210692412, 
                    0.06306107183372278, 
                    -11.60395793790338
                ], 
                "nominal": [
                    1.000515708960693, 
                    0.27136194794039026, 
                    0.06358372144597879, 
                    -11.474894454332661
                ]
            }, 
            "BE": {
                "Down": [
                    1.0004075398950756, 
                    0.12954773368579942, 
                    0.0654467114868463, 
                    -11.115913305187012
                ], 
                "Up": [
                    1.0007579060686052, 
                    0.4990559490361124, 
                    0.06574145964575884, 
                    -12.190501986948654
                ], 
                "nominal": [
                    1.000582088501112, 
                    0.1909257564166327, 
                    0.06564785877131489, 
                    -11.17592729887091
                ]
            }, 
            "EE": {
                "Down": [
                    1.0006719304425, 
                    0.022142655956587542, 
                    0.05903736324945015, 
                    -8.23370703931468
                ], 
                "Up": [
                    1.0012040088375078, 
                    0.18525137786461623, 
                    0.05718332281019713, 
                    -10.258773120998463
                ], 
                "nominal": [
                    1.0009378694086384, 
                    0.10816522559590054, 
                    0.057926642260427076, 
                    -9.919372492456004
                ]
            }, 
            "inclusive": {
                "Down": [
                    1.0004893070705987, 
                    0.44539667722372756, 
                    0.06343268253783123, 
                    -12.783283188738773
                ], 
                "Up": [
                    1.0008922684914743, 
                    1.099141295505235, 
                    0.06253283619685375, 
                    -13.127855782530068
                ], 
                "nominal": [
                    1.0006906712080927, 
                    0.264851914620372, 
                    0.06290898813460954, 
                    -11.481509842441206
                ]
            }
        }, 
        "prefMuon": {
            "BB": {
                "StatDown": 1.022355761076953, 
                "StatUp": 1.0271355300336271, 
                "SystDown": 1.019713986564327, 
                "SystUp": 1.0297880076073311, 
                "nominal": 1.0247374450838245
            }, 
            "BE": {
                "StatDown": 1.020698131741704, 
                "StatUp": 1.0261770019660126, 
                "SystDown": 1.0186678912188556, 
                "SystUp": 1.0282013432399646, 
                "nominal": 1.023424879924671
            }, 
            "EE": {
                "StatDown": 1.0275422157468022, 
                "StatUp": 1.0361657577591974, 
                "SystDown": 1.025337222460154, 
                "SystUp": 1.0383654591199514, 
                "nominal": 1.0318324662543632
            }, 
            "inclusive": {
                "StatDown": 1.0234203838013314, 
                "StatUp": 1.0297538154834025, 
                "SystDown": 1.0211759547929506, 
                "SystUp": 1.0319991208411552, 
                "nominal": 1.026556960634283
            }
        }
    }, 
    "2016preVFP": {
        "prefECAL": {
            "BB": {
                "Down": [
                    1.0002533957985753, 
                    0.19080741216195607, 
                    0.08632579955384219, 
                    -12.242580913209768
                ], 
                "Up": [
                    1.0004625330107608, 
                    0.13398067087760338, 
                    0.08602290357028833, 
                    -10.88847837885448
                ], 
                "nominal": [
                    1.000356669309509, 
                    0.1053095933700131, 
                    0.0861388871591036, 
                    -10.903435227167968
                ]
            }, 
            "BE": {
                "Down": [
                    1.0002760229028445, 
                    0.07903561821954026, 
                    0.09001515117601118, 
                    -11.213466629279509
                ], 
                "Up": [
                    1.0005121540284911, 
                    0.08888165554078718, 
                    0.08968852654647266, 
                    -10.546907592905503
                ], 
                "nominal": [
                    1.0003928687777246, 
                    0.11691654007765362, 
                    0.08982583336254504, 
                    -11.303598151806025
                ]
            }, 
            "EE": {
                "Down": [
                    1.0004428296767922, 
                    0.07953762419111024, 
                    0.08672851757448019, 
                    -11.015191118767229
                ], 
                "Up": [
                    1.000818768049009, 
                    0.7103256749306182, 
                    0.08672295696098929, 
                    -13.360277175617371
                ], 
                "nominal": [
                    1.000628364187166, 
                    0.17525340791150268, 
                    0.08673936549376313, 
                    -11.693483931425986
                ]
            }, 
            "inclusive": {
                "Down": [
                    1.0003256692731761, 
                    0.12349338453314294, 
                    0.08795107909261159, 
                    -11.723555950583695
                ], 
                "Up": [
                    1.000601013309532, 
                    0.5997811689398422, 
                    0.08763742749776833, 
                    -13.16523290080244
                ], 
                "nominal": [
                    1.0004624763449943, 
                    1.5007527190657781, 
                    0.0877175377747364, 
                    -14.845938631136432
                ]
            }
        }, 
        "prefMuon": {
            "BB": {
                "StatDown": 1.0191385037190206, 
                "StatUp": 1.024595162353, 
                "SystDown": 1.017418067197542, 
                "SystUp": 1.0263017029375643,